Time,Cesium134,Censor134,Cesium137,Censor137
2011/3/14,190.4572535,FALSE,144.2896742,FALSE
2011/3/28,149.6537593,FALSE,80.80419184,FALSE
2011/4/4,67.71449954,FALSE,78.66611948,FALSE
2011/4/5,134.7614216,FALSE,87.44754818,FALSE
2011/4/7,191.6367649,FALSE,172.2723202,FALSE
2011/4/10,169.4653382,FALSE,186.9553402,FALSE
2011/4/18,81.03694149,FALSE,68.02702882,FALSE
2011/4/19,73.2498143,FALSE,115.7973848,FALSE
2011/4/25,142.1986977,FALSE,148.4999009,FALSE
2011/4/26,89.23314871,FALSE,68.72940289,FALSE
2011/5/3,35.8666537,FALSE,23.32340919,FALSE
2011/5/10,69.7387817,FALSE,58.13728405,FALSE
2011/5/11,51.72291615,FALSE,47.29561087,FALSE
2011/5/12,79.90169311,FALSE,93.77363744,FALSE
2011/5/13,95.15532928,FALSE,74.61707095,FALSE
2011/5/18,107.6555684,FALSE,90.09373689,FALSE
2011/5/23,74.35860221,FALSE,68.56421922,FALSE
2011/5/24,87.70755131,FALSE,117.9381755,FALSE
2011/5/24,68.39529827,FALSE,70.31965251,FALSE
2011/5/26,236.1686023,FALSE,194.2112787,FALSE
2011/5/29,67.11240293,FALSE,41.85154881,FALSE
2011/5/30,125.5627624,FALSE,98.88930752,FALSE
2011/6/1,77.87721403,FALSE,87.08264459,FALSE
2011/6/1,120.0518535,FALSE,70.38240041,FALSE
2011/6/2,98.21266849,FALSE,67.73355872,FALSE
2011/6/3,37.27032125,FALSE,37.96463688,FALSE
2011/6/4,72.10434165,FALSE,77.22330649,FALSE
2011/6/4,174.1765322,FALSE,122.7799556,FALSE
2011/6/25,85.82959573,FALSE,88.9117777,FALSE
2011/6/28,98.60613462,FALSE,114.367744,FALSE
2011/7/6,45.16543137,FALSE,45.45416182,FALSE
2011/7/10,117.3519687,FALSE,140.0333383,FALSE
2011/7/16,68.4550339,FALSE,39.38176912,FALSE
2011/7/17,61.65780047,FALSE,72.08386978,FALSE
2011/7/17,177.7869159,FALSE,172.7859078,FALSE
2011/7/19,61.75320133,FALSE,45.69843719,FALSE
2011/7/21,82.02670477,FALSE,73.43747811,FALSE
2011/7/22,150.6395305,FALSE,158.087905,FALSE
2011/7/24,133.2633919,FALSE,86.46693055,FALSE
2011/7/31,64.6349688,FALSE,71.80419142,FALSE
2011/8/3,67.22429806,FALSE,62.19452521,FALSE
2011/8/12,85.21061699,FALSE,71.10750722,FALSE
2011/8/12,70.61481413,FALSE,73.75685826,FALSE
2011/8/15,57.88727977,FALSE,47.88147227,FALSE
2011/8/19,169.5490524,FALSE,68.97762042,FALSE
2011/8/20,78.89531759,FALSE,60.36834209,FALSE
2011/8/24,58.6849021,FALSE,49.1159022,FALSE
2011/8/27,84.58198988,FALSE,68.48387593,FALSE
2011/8/30,29.93834046,FALSE,28.49510298,FALSE
2011/9/1,78.49177546,FALSE,77.53474949,FALSE
2011/9/17,75.87618236,FALSE,65.97116889,FALSE
2011/9/25,57.43889612,FALSE,52.42230153,FALSE
2011/9/26,31.3069783,FALSE,46.95558823,FALSE
2011/9/27,82.42196625,FALSE,51.39747002,FALSE
2011/10/1,128.674281,FALSE,122.1960778,FALSE
2011/10/1,41.6504586,FALSE,45.8413398,FALSE
2011/10/4,29.29654707,FALSE,30.90591377,FALSE
2011/10/8,70.43173606,FALSE,77.85823709,FALSE
2011/10/9,66.27634969,FALSE,36.92107601,FALSE
2011/10/10,43.19970796,FALSE,40.79704929,FALSE
2011/10/14,21.89939,FALSE,35.08040835,FALSE
2011/10/16,73.30844557,FALSE,50.85650737,FALSE
2011/10/18,92.92796457,FALSE,69.00545336,FALSE
2011/10/26,37.01769134,FALSE,47.87907507,FALSE
2011/10/31,31.88010212,FALSE,35.25464986,FALSE
2011/10/31,57.88734515,FALSE,55.43452811,FALSE
2011/11/6,45.45828538,FALSE,70.32735795,FALSE
2011/11/8,34.2333534,FALSE,52.8473094,FALSE
2011/11/8,34.83915546,FALSE,49.60282806,FALSE
2011/11/9,77.79045932,FALSE,69.41486021,FALSE
2011/11/11,41.63521407,FALSE,35.14447948,FALSE
2011/11/11,62.25428931,FALSE,46.87498115,FALSE
2011/11/26,67.48437864,FALSE,73.97534682,FALSE
2011/11/30,43.27418067,FALSE,45.1062159,FALSE
2011/11/30,98.17585292,FALSE,58.00433983,FALSE
2011/12/4,60.09809087,FALSE,65.6318685,FALSE
2011/12/7,44.45414578,FALSE,80.54396657,FALSE
2011/12/12,74.65132575,FALSE,119.6785698,FALSE
2011/12/14,24.36229343,FALSE,20.94547677,FALSE
2011/12/15,29.55506925,FALSE,32.57663928,FALSE
2011/12/16,31.99180422,FALSE,21.20119694,FALSE
2011/12/17,49.30386837,FALSE,64.95762237,FALSE
2011/12/21,95.71135349,FALSE,61.40630166,FALSE
2011/12/22,95.805621,FALSE,76.24730498,FALSE
2011/12/28,56.32806853,FALSE,65.64429274,FALSE
2011/12/28,57.86094666,FALSE,84.39668588,FALSE
2011/12/31,55.59587258,FALSE,31.31529696,FALSE
2012/1/3,50.53301183,FALSE,63.53036609,FALSE
2012/1/7,59.74918344,FALSE,57.74122736,FALSE
2012/1/9,34.12077738,FALSE,33.86706715,FALSE
2012/1/16,55.88675512,FALSE,35.8806128,FALSE
2012/1/22,47.37999807,FALSE,36.1695183,FALSE
2012/1/23,70.63325086,FALSE,81.42557509,FALSE
2012/1/25,28.39184985,FALSE,37.90879194,FALSE
2012/1/25,18.02809713,FALSE,14.3716047,FALSE
2012/1/30,38.09208166,FALSE,49.31766995,FALSE
2012/2/2,42.81156668,FALSE,44.59443032,FALSE
2012/2/6,43.49966203,FALSE,29.21197459,FALSE
2012/2/6,51.57197436,FALSE,37.6050863,FALSE
2012/2/7,33.2233359,FALSE,32.69601719,FALSE
2012/2/11,37.89190552,FALSE,41.07792013,FALSE
2012/2/16,59.48102017,FALSE,79.77672059,FALSE
2012/2/18,67.7584826,FALSE,45.12510598,FALSE
2012/2/19,48.01820104,FALSE,57.78858264,FALSE
2012/3/4,38.65392581,FALSE,38.90915914,FALSE
2012/3/13,26.54338725,FALSE,32.08657531,FALSE
2012/3/14,17.33633945,FALSE,24.50811408,FALSE
2012/3/26,27.58891341,FALSE,43.39980105,FALSE
2012/3/28,82.30767668,FALSE,97.92745111,FALSE
2012/3/29,45.65910441,FALSE,48.7837248,FALSE
2012/4/7,39.57897212,FALSE,50.54529968,FALSE
2012/4/19,46.81813342,FALSE,28.9367503,FALSE
2012/4/20,32.5511419,FALSE,38.00382186,FALSE
2012/4/20,22.63450652,FALSE,17.44849529,FALSE
2012/4/21,78.0605143,FALSE,125.1910728,FALSE
2012/4/27,33.81701113,FALSE,43.49706005,FALSE
2012/4/30,26.34508382,FALSE,32.01783995,FALSE
2012/5/2,15.40017572,FALSE,16.35095751,FALSE
2012/5/4,30.57167376,FALSE,34.94821013,FALSE
2012/5/4,22.46044595,FALSE,48.83696629,FALSE
2012/5/5,30.44835001,FALSE,36.12800556,FALSE
2012/5/5,15.41585585,FALSE,19.76748085,FALSE
2012/5/12,59.95682471,FALSE,71.15387116,FALSE
2012/5/17,60.79696768,FALSE,70.38174869,FALSE
2012/5/20,56.35774612,FALSE,49.31262887,FALSE
2012/5/25,16.51595115,FALSE,17.92087624,FALSE
2012/5/25,42.06155012,FALSE,65.15502433,FALSE
2012/5/26,18.19881104,FALSE,32.3701371,FALSE
2012/6/5,24.80294214,FALSE,22.25539197,FALSE
2012/6/6,50.22203349,FALSE,64.78352149,FALSE
2012/6/8,26.70528712,FALSE,21.92691114,FALSE
2012/6/8,21.55608487,FALSE,21.41679749,FALSE
2012/6/10,20.01605371,FALSE,42.18659517,FALSE
2012/6/16,24.03596278,FALSE,30.02028249,FALSE
2012/6/26,17.07532215,FALSE,14.96348667,FALSE
2012/6/26,29.37969808,FALSE,30.39857222,FALSE
2012/7/1,32.05164931,FALSE,59.89275427,FALSE
2012/7/3,33.70265581,FALSE,42.27014599,FALSE
2012/7/3,27.12176003,FALSE,25.86972587,FALSE
2012/7/8,32.89642374,FALSE,36.39841274,FALSE
2012/7/10,13.02082871,FALSE,16.55895437,FALSE
2012/7/10,28.33819322,FALSE,33.62599901,FALSE
2012/7/12,30.64928039,FALSE,49.00857099,FALSE
2012/7/18,28.96750803,FALSE,31.99475434,FALSE
2012/8/3,33.07822982,FALSE,42.36152125,FALSE
2012/8/10,13.53810171,FALSE,15.94491872,FALSE
2012/8/10,33.07512566,FALSE,53.9605893,FALSE
2012/8/14,12.35765441,FALSE,13.60351192,FALSE
2012/8/15,28.90117043,FALSE,47.64038981,FALSE
2012/8/20,22.32406201,FALSE,34.15015059,FALSE
2012/8/21,19.4560998,FALSE,35.07835663,FALSE
2012/8/28,19.04505215,FALSE,22.30771209,FALSE
2012/8/29,65.96222375,FALSE,67.96968521,FALSE
2012/9/1,12.098673,FALSE,15.42013628,FALSE
2012/9/4,28.36170445,FALSE,38.04755088,FALSE
2012/9/7,6.454047942,FALSE,11.72700253,FALSE
2012/9/9,27.2606585,FALSE,30.48199828,FALSE
2012/9/14,31.45779117,FALSE,34.9726353,FALSE
2012/9/16,16.89004952,FALSE,15.66156089,FALSE
2012/9/21,30.41694959,FALSE,49.45499949,FALSE
2012/9/21,25.74009636,FALSE,40.62956584,FALSE
2012/10/8,44.21508857,FALSE,46.27612825,FALSE
2012/10/9,18.28322329,FALSE,20.85703754,FALSE
2012/10/10,16.35804544,FALSE,23.27954005,FALSE
2012/10/11,9.403095174,TRUE,12.17479767,FALSE
2012/10/13,16.95172362,FALSE,21.26922439,FALSE
2012/10/13,16.97161701,FALSE,14.24260605,FALSE
2012/10/14,30.1573641,FALSE,39.75335428,FALSE
2012/10/14,20.07305691,FALSE,39.1086531,FALSE
2012/10/15,54.5225817,FALSE,89.78444987,FALSE
2012/10/18,14.38992362,FALSE,18.15847506,FALSE
2012/10/18,35.77016438,FALSE,68.82239678,FALSE
2012/10/19,22.00243239,FALSE,20.78109912,FALSE
2012/10/24,18.44071501,FALSE,16.23859768,FALSE
2012/10/26,37.18655668,FALSE,34.77748651,FALSE
2012/11/1,17.34566119,FALSE,18.50909169,FALSE
2012/11/3,14.66602218,FALSE,14.66183738,FALSE
2012/11/5,21.01672142,FALSE,29.93646662,FALSE
2012/11/8,21.15792422,FALSE,43.7206584,FALSE
2012/11/8,15.43216822,FALSE,25.73914723,FALSE
2012/11/8,56.3788709,FALSE,47.78889438,FALSE
2012/11/9,14.58173318,FALSE,24.59673298,FALSE
2012/11/9,24.22821776,FALSE,37.90051796,FALSE
2012/11/27,21.48637672,FALSE,39.65413682,FALSE
2012/12/13,16.84473796,FALSE,20.55209455,FALSE
2012/12/15,28.27590455,FALSE,27.07265243,FALSE
2012/12/15,18.39688066,FALSE,15.27753339,FALSE
2012/12/22,30.27168399,FALSE,39.64817493,FALSE
2012/12/23,61.18831314,FALSE,68.58229204,FALSE
2012/12/28,12.12233101,FALSE,20.11174627,FALSE
2012/12/28,39.08228808,FALSE,33.98285627,FALSE
2013/1/2,18.97357821,FALSE,23.80940887,FALSE
2013/1/3,7.880095145,FALSE,12.09522481,FALSE
2013/1/4,19.98416516,FALSE,33.50772808,FALSE
2013/1/7,17.67883853,FALSE,34.2966361,FALSE
2013/1/11,20.83324224,FALSE,27.41969584,FALSE
2013/1/14,7.850365225,FALSE,8.94547236,TRUE
2013/1/22,23.63317991,FALSE,25.07824694,FALSE
2013/1/26,19.02424583,FALSE,48.05708865,FALSE
2013/1/30,15.69780971,FALSE,21.53210605,FALSE
2013/2/1,11.08204757,FALSE,29.98340251,FALSE
2013/2/1,64.91134665,FALSE,59.2780414,FALSE
2013/2/6,13.23398453,FALSE,17.33533528,FALSE
2013/2/7,12.95396469,FALSE,44.07712654,FALSE
2013/2/9,14.50564403,FALSE,14.65688089,FALSE
2013/2/10,13.82263051,FALSE,15.04107604,FALSE
2013/2/26,10.00715226,FALSE,15.52383054,FALSE
2013/3/4,15.33443344,FALSE,22.94666714,FALSE
2013/3/8,37.41086631,FALSE,35.24500626,FALSE
2013/3/19,49.04620683,FALSE,40.82349852,FALSE
2013/3/22,24.90301019,FALSE,67.56563645,FALSE
2013/3/23,39.78300875,FALSE,39.74865151,FALSE
2013/3/23,17.2532772,FALSE,29.25666021,FALSE
2013/3/23,10.44694424,FALSE,23.51054844,FALSE
2013/4/4,20.14110777,FALSE,20.20060533,FALSE
2013/4/6,8.166212464,FALSE,8.883223357,FALSE
2013/4/7,20.19004762,FALSE,15.88465604,FALSE
2013/4/8,32.42474427,FALSE,76.11954018,FALSE
2013/4/10,21.69301405,FALSE,24.22468664,FALSE
2013/4/13,28.82185689,FALSE,38.31258997,FALSE
2013/4/16,19.10957496,FALSE,24.59989793,FALSE
2013/4/17,18.09910041,FALSE,22.54587428,FALSE
2013/4/26,35.46451919,FALSE,72.87141171,FALSE
2013/4/26,16.38672971,FALSE,26.66095243,FALSE
2013/4/30,12.76474135,FALSE,16.35391252,FALSE
2013/5/7,18.61449669,FALSE,19.13736147,FALSE
2013/5/12,7.842656874,FALSE,18.96588817,FALSE
2013/5/13,23.1301337,FALSE,41.87463519,FALSE
2013/5/13,34.06180233,FALSE,31.29014017,FALSE
2013/5/29,13.72549093,FALSE,28.01413475,FALSE
2013/5/30,12.41803143,FALSE,27.03182252,FALSE
2013/5/31,26.93021223,FALSE,33.5718583,FALSE
2013/6/3,11.26237125,FALSE,12.91369199,FALSE
2013/6/3,9.630602921,FALSE,20.6461993,FALSE
2013/6/3,15.16953264,FALSE,34.35500257,FALSE
2013/6/8,15.57425286,FALSE,18.95858818,FALSE
2013/6/14,23.07912557,FALSE,67.86203116,FALSE
2013/6/16,15.77312617,FALSE,13.80791046,FALSE
2013/6/19,23.45898525,FALSE,39.94960521,FALSE
2013/6/20,13.48347161,FALSE,37.94780458,FALSE
2013/6/22,6.532216294,TRUE,13.55166371,FALSE
2013/6/27,14.35748356,FALSE,17.52767101,FALSE
2013/7/9,18.50710774,FALSE,41.79292741,FALSE
2013/7/11,16.00560867,FALSE,37.40902861,FALSE
2013/7/11,7.687120635,FALSE,18.40280587,FALSE
2013/7/12,8.007109641,FALSE,14.05457781,FALSE
2013/7/12,29.41282059,FALSE,30.71636831,FALSE
2013/7/30,9.99368641,FALSE,21.89097734,FALSE
2013/8/10,27.27360323,FALSE,44.98115248,FALSE
2013/8/12,21.83294151,FALSE,44.85381247,FALSE
2013/8/23,8.809869308,TRUE,13.60847004,FALSE
2013/8/26,11.87732079,FALSE,16.4904425,FALSE
2013/8/28,12.85669177,FALSE,9.405196711,FALSE
2013/9/2,22.69927266,FALSE,27.46551391,FALSE
2013/9/3,7.424948403,TRUE,15.43083925,FALSE
2013/9/6,5.544031583,TRUE,12.92520566,FALSE
2013/9/7,33.54789604,FALSE,39.65945478,FALSE
2013/9/10,19.64072323,FALSE,29.81564264,FALSE
2013/9/19,18.95333651,FALSE,19.13234927,FALSE
2013/9/21,9.673456851,TRUE,21.00473294,FALSE
2013/9/22,11.75791395,FALSE,22.34221919,FALSE
2013/9/24,13.64157579,FALSE,33.57940329,FALSE
2013/9/26,6.389830147,TRUE,11.9481017,FALSE
2013/9/27,10.49950676,FALSE,22.14698898,FALSE
2013/10/8,12.31948951,FALSE,28.74995154,FALSE
2013/10/14,24.24918896,FALSE,41.13294764,FALSE
2013/10/17,17.99748364,FALSE,33.44566543,FALSE
2013/11/2,17.94392455,FALSE,40.85322847,FALSE
2013/11/3,10.58148536,FALSE,16.49963822,FALSE
2013/11/8,10.41234829,FALSE,14.53840076,FALSE
2013/11/8,12.52419643,FALSE,11.3230752,FALSE
2013/11/13,6.88052447,FALSE,10.30874761,FALSE
2013/11/20,23.41617701,FALSE,27.33555283,FALSE
2013/11/27,16.44030398,FALSE,43.88715241,FALSE
2013/11/30,16.56864913,FALSE,21.54400236,FALSE
2013/12/6,9.624706955,FALSE,12.40745004,FALSE
2013/12/6,18.31406248,FALSE,30.9855766,FALSE
2013/12/8,13.30568152,FALSE,22.65864562,FALSE
2013/12/11,9.579611745,FALSE,14.40629576,FALSE
2013/12/17,16.7385538,FALSE,27.99035803,FALSE
2013/12/17,5.878259318,FALSE,11.77428152,FALSE
2014/1/4,19.38022613,FALSE,23.37854016,FALSE
2014/1/11,11.4077161,FALSE,12.80571115,FALSE
2014/1/14,18.38656928,FALSE,23.13756208,FALSE
2014/1/15,15.267177,FALSE,20.70664974,FALSE
2014/1/19,5.881996242,FALSE,12.7145125,FALSE
2014/1/25,12.32701749,FALSE,20.13735792,FALSE
2014/1/27,12.14461702,FALSE,19.93240565,FALSE
2014/2/2,17.57825469,FALSE,26.23748245,FALSE
2014/2/3,7.886480642,FALSE,13.15854265,FALSE
2014/2/7,11.93460055,FALSE,12.67056696,FALSE
2014/2/8,17.06405302,FALSE,24.41932844,FALSE
2014/2/16,11.48655213,FALSE,12.33882674,FALSE
2014/3/9,16.45516643,FALSE,34.22074132,FALSE
2014/3/10,17.67033464,FALSE,15.95211284,FALSE
2014/3/20,8.407212574,TRUE,18.08291553,FALSE
2014/3/22,7.936509799,FALSE,13.76006154,FALSE
2014/3/23,6.090521755,FALSE,15.22042533,FALSE
2014/3/30,5.252198298,TRUE,9.032709139,TRUE
2014/3/30,16.26379264,FALSE,25.15254328,FALSE
2014/4/8,8.368561164,TRUE,13.56222183,FALSE
2014/4/11,5.496875179,FALSE,9.795149157,FALSE
2014/4/14,10.71691171,FALSE,26.09178592,FALSE
2014/4/20,7.307759203,TRUE,24.12195519,FALSE
2014/4/23,9.227490812,FALSE,13.29678172,FALSE
2014/4/27,9.955496098,TRUE,24.86332971,FALSE
2014/4/27,5.965726148,FALSE,11.81635853,FALSE
2014/5/10,9.974729022,FALSE,33.99882196,FALSE
2014/5/14,9.866252706,FALSE,21.05645769,FALSE
2014/5/14,7.002248734,TRUE,9.404066237,FALSE
2014/5/24,8.376132342,FALSE,19.63538869,FALSE
2014/6/1,13.92019116,FALSE,22.32924653,FALSE
2014/6/3,10.87547177,FALSE,21.96307393,FALSE
2014/6/4,8.599569942,TRUE,9.79984303,TRUE
2014/6/5,7.166236969,FALSE,15.63780714,FALSE
2014/6/5,16.42764301,FALSE,49.46107907,FALSE
2014/6/6,10.4845744,FALSE,23.99630602,FALSE
2014/6/7,6.769421203,TRUE,9.584297636,TRUE
2014/6/9,9.846044027,TRUE,8.646278661,FALSE
2014/6/10,11.83312279,FALSE,18.98636874,FALSE
2014/6/11,8.323091249,TRUE,16.49612793,FALSE
2014/6/15,13.18451977,FALSE,30.26561857,FALSE
2014/6/20,8.532716861,FALSE,22.24008587,FALSE
2014/6/21,9.980386858,TRUE,21.16039897,FALSE
2014/6/23,9.275411782,TRUE,25.4933394,FALSE
2014/7/1,9.76774198,TRUE,19.06408544,FALSE
2014/7/9,9.061525462,TRUE,10.22354827,FALSE
2014/7/14,15.90452185,FALSE,57.19267609,FALSE
2014/7/15,6.339390645,TRUE,9.183342557,FALSE
2014/7/16,8.810757648,TRUE,13.27012858,FALSE
2014/7/17,9.931557946,TRUE,10.98547111,FALSE
2014/7/22,12.57833578,FALSE,29.27416005,FALSE
2014/7/24,10.2817196,FALSE,18.23341374,FALSE
2014/7/28,9.060657619,TRUE,17.10435012,FALSE
2014/7/29,7.126398319,FALSE,15.541445,FALSE
2014/7/31,12.08252609,FALSE,32.07161642,FALSE
2014/8/4,13.65573133,FALSE,63.12292447,FALSE
2014/8/4,9.256269089,FALSE,16.676279,FALSE
2014/8/5,7.911026351,TRUE,11.3554091,FALSE
2014/8/6,9.850810894,TRUE,9.613190629,FALSE
2014/8/13,10.28061049,FALSE,63.45309395,FALSE
2014/8/14,5.882260182,TRUE,5.672567664,TRUE
2014/8/15,20.95921883,FALSE,68.03594324,FALSE
2014/8/18,7.320044931,FALSE,16.9155109,FALSE
2014/8/20,8.380820254,TRUE,15.81881137,FALSE
2014/9/12,8.911664733,FALSE,20.09007969,FALSE
2014/9/14,7.575859554,FALSE,25.18099145,FALSE
2014/9/15,6.260718547,FALSE,19.52791224,FALSE
2014/9/15,6.845947312,TRUE,8.577836001,TRUE
2014/9/17,8.627026363,TRUE,19.27426033,FALSE
2014/9/18,7.430745522,TRUE,16.9643265,FALSE
2014/9/23,9.769153639,FALSE,34.89787068,FALSE
2014/10/7,8.92273115,TRUE,11.46835573,FALSE
2014/10/9,7.091608179,TRUE,9.901823904,TRUE
2014/10/10,9.905090424,TRUE,8.404187622,FALSE
2014/10/25,6.414419779,TRUE,7.716248615,FALSE
2014/10/30,9.239410748,TRUE,8.842199283,FALSE
2014/11/1,5.411196154,TRUE,8.847811808,FALSE
2014/11/2,9.432293753,TRUE,11.08097148,FALSE
2014/11/5,7.359653654,TRUE,14.57175398,FALSE
2014/11/8,6.614647045,FALSE,18.96564584,FALSE
2014/11/15,6.666389923,TRUE,20.06678238,FALSE
2014/11/19,9.187082846,TRUE,13.19788441,FALSE
2014/11/19,6.384249208,TRUE,8.286612563,FALSE
2014/11/21,9.300978715,FALSE,16.24445315,FALSE
2014/11/26,9.183661349,TRUE,29.509442,FALSE
2014/12/1,5.35577012,TRUE,17.11080033,FALSE
2014/12/4,8.513893717,TRUE,8.155243738,TRUE
2014/12/10,8.494122686,TRUE,14.06437082,FALSE
2014/12/10,7.319811905,TRUE,12.85259106,FALSE
2014/12/11,11.77649971,FALSE,26.03246783,FALSE
2014/12/15,7.810883939,TRUE,14.65463547,FALSE
2014/12/20,9.642416132,TRUE,9.069028917,TRUE
2014/12/22,6.152332071,TRUE,11.1310498,FALSE
2014/12/23,6.109068772,TRUE,11.80481578,FALSE
2014/12/28,7.101079467,TRUE,13.2164091,FALSE
2014/12/29,7.141026675,FALSE,11.76730713,FALSE
2015/1/7,9.324037752,TRUE,14.12668042,FALSE
2015/1/8,7.156558946,FALSE,14.25767877,FALSE
2015/1/8,7.466593643,TRUE,16.52114694,FALSE
2015/1/10,7.148566834,TRUE,8.303843397,FALSE
2015/1/11,7.821319215,TRUE,15.33516746,FALSE
2015/1/11,8.280811578,TRUE,22.98591756,FALSE
2015/1/13,9.892770314,TRUE,9.807594407,FALSE
2015/1/14,9.012563011,FALSE,21.5499115,FALSE
2015/1/16,10.26287767,FALSE,30.93836719,FALSE
2015/1/21,8.98418042,TRUE,9.015595235,TRUE
2015/1/24,9.158358575,TRUE,32.59459685,FALSE
2015/1/25,5.567538532,TRUE,11.05748035,FALSE
2015/1/30,9.816560082,TRUE,14.88867566,FALSE
2015/1/30,5.736614498,TRUE,11.46014527,FALSE
2015/1/30,5.718134714,TRUE,12.64552124,FALSE
2015/2/7,9.626149676,TRUE,21.50820482,FALSE
2015/2/8,7.535178013,TRUE,8.440754437,FALSE
2015/2/9,6.294404624,FALSE,17.58825532,FALSE
2015/2/13,6.741510261,TRUE,14.57168615,FALSE
2015/2/13,8.299105129,TRUE,8.847053291,FALSE
2015/2/18,9.211533815,FALSE,24.99866685,FALSE
2015/2/19,6.757867046,TRUE,5.047858959,TRUE
2015/2/19,5.739228535,TRUE,12.17475354,FALSE
2015/2/26,8.294388045,TRUE,9.159494941,TRUE
2015/3/3,5.925349823,TRUE,14.64950241,FALSE
2015/3/14,9.771890684,TRUE,17.68941822,FALSE
2015/3/16,9.48924246,TRUE,8.297586307,FALSE
2015/3/19,9.718485272,TRUE,16.61861653,FALSE
2015/3/22,8.618453756,TRUE,5.309851838,TRUE
2015/3/31,6.85178533,TRUE,12.6775622,FALSE
2015/4/4,8.905087701,TRUE,15.80468247,FALSE
2015/4/5,5.055747543,TRUE,12.39390052,FALSE
2015/4/8,9.701543561,TRUE,8.274851467,FALSE
2015/4/13,9.968746131,TRUE,13.52746621,FALSE
2015/4/17,6.787028726,TRUE,9.445992361,FALSE
2015/4/22,8.738175317,TRUE,8.473766741,TRUE
2015/4/29,8.964545119,TRUE,9.560128063,FALSE
2015/5/4,8.529295032,TRUE,25.68224735,FALSE
2015/5/5,7.379125194,TRUE,7.210792117,TRUE
2015/5/5,7.47327263,TRUE,9.183496546,FALSE
2015/5/9,6.796469146,FALSE,15.35607638,FALSE
2015/5/11,8.475061231,TRUE,9.948409735,FALSE
2015/5/15,11.53564414,FALSE,24.94274229,FALSE
2015/5/18,7.173588204,TRUE,18.83054945,FALSE
2015/5/19,11.00484063,FALSE,29.95356158,FALSE
2015/5/21,8.315054838,TRUE,13.9068916,FALSE
2015/5/25,5.715832933,TRUE,10.25049088,FALSE
2015/5/26,6.722436969,TRUE,13.54917517,FALSE
2015/6/10,7.028817912,TRUE,9.111995756,TRUE
2015/6/11,5.426555029,TRUE,8.621223464,TRUE
2015/6/17,9.662859641,TRUE,10.66553213,FALSE
2015/6/19,9.191920334,TRUE,14.24061396,FALSE
2015/6/22,9.397166481,TRUE,10.21751852,FALSE
2015/6/23,9.678562338,TRUE,19.22786495,FALSE
2015/6/25,6.578696514,FALSE,16.28070372,FALSE
2015/6/25,6.893797203,TRUE,12.78759915,FALSE
2015/6/27,7.689324614,TRUE,6.35940917,TRUE
2015/7/21,5.758417433,FALSE,9.378583878,FALSE
2015/7/25,9.008438528,TRUE,27.01756515,FALSE
2015/7/28,8.698208729,TRUE,13.53201725,FALSE
2015/7/31,5.260745067,TRUE,10.55741666,FALSE
2015/8/12,7.410847866,TRUE,11.10651234,FALSE
2015/8/12,9.602589203,TRUE,9.1650201,FALSE
2015/8/22,5.207642145,TRUE,9.268999397,FALSE
2015/8/23,6.469958995,TRUE,14.97576418,FALSE
2015/8/26,7.504252436,TRUE,13.6499562,FALSE
2015/9/3,8.048744675,TRUE,12.5811835,FALSE
2015/9/3,6.321245248,TRUE,7.281706076,TRUE
2015/9/4,7.115493048,TRUE,13.48002131,FALSE
2015/9/6,6.832818082,TRUE,13.43583495,FALSE
2015/9/8,9.712526612,TRUE,26.00560971,FALSE
2015/9/11,5.618617826,TRUE,9.558256572,TRUE
2015/9/17,5.350163396,TRUE,12.67948067,FALSE
2015/9/20,9.82158519,TRUE,14.66381304,FALSE
2015/9/23,7.212550541,TRUE,9.376068141,FALSE
2015/9/25,6.851361901,TRUE,9.131146325,FALSE
2015/10/5,5.851217901,TRUE,10.60100686,FALSE
2015/10/12,5.270952147,TRUE,7.961566752,TRUE
2015/10/13,8.289140346,TRUE,10.7563829,FALSE
2015/10/14,7.890809583,TRUE,21.03584852,FALSE
2015/10/17,9.93550882,TRUE,13.6165849,FALSE
2015/10/21,8.018962007,TRUE,11.15972177,FALSE
2015/10/23,5.324749594,TRUE,5.339971055,FALSE
2015/10/23,5.810545409,TRUE,6.802170216,TRUE
2015/10/27,7.376989602,TRUE,10.60176321,FALSE
2015/10/27,5.009664174,TRUE,5.628646107,TRUE
2015/10/30,7.207295715,TRUE,28.68140716,FALSE
2015/10/31,6.304648686,TRUE,6.512156659,TRUE
2015/11/2,9.692068727,TRUE,7.491162265,FALSE
2015/11/4,8.579166419,TRUE,12.14187198,FALSE
2015/11/5,5.815427392,TRUE,9.464552063,TRUE
2015/11/7,7.380940092,TRUE,11.93688451,FALSE
2015/11/7,8.451283615,TRUE,11.38369943,FALSE
2015/11/9,7.304475898,TRUE,11.71608157,FALSE
2015/11/17,9.775733692,TRUE,12.15332289,FALSE
2015/11/18,8.562700612,TRUE,7.309527171,FALSE
2015/11/27,6.985739666,TRUE,9.823368371,TRUE
2015/12/6,5.58860306,TRUE,5.741598216,TRUE
2015/12/6,6.200581365,TRUE,5.421786786,FALSE
2015/12/9,9.318152833,TRUE,17.89762361,FALSE
2015/12/9,7.179882008,TRUE,9.60878886,FALSE
2015/12/10,7.48934026,TRUE,23.85920267,FALSE
2015/12/11,8.459638361,TRUE,9.318688208,FALSE
2015/12/11,8.801566409,TRUE,9.303088986,FALSE
2015/12/13,5.777006113,TRUE,7.375771634,FALSE
2015/12/21,9.247285465,TRUE,9.944167965,TRUE
2015/12/22,9.734089095,TRUE,9.536371517,FALSE
2015/12/24,7.942095952,TRUE,8.340121615,FALSE
2015/12/29,7.511254076,TRUE,11.2268914,FALSE
2016/1/1,5.948899589,TRUE,7.721170114,TRUE
2016/1/11,5.009184291,TRUE,13.45377756,FALSE
2016/1/26,9.387890311,TRUE,13.99579064,FALSE
2016/1/27,5.670556689,TRUE,16.42327268,FALSE
2016/2/1,5.113706121,TRUE,8.171438745,FALSE
2016/2/12,9.69568353,TRUE,8.02782835,FALSE
2016/2/12,6.464743614,TRUE,11.94169386,FALSE
2016/2/17,5.821632872,TRUE,12.37034905,FALSE
2016/2/17,6.995512779,TRUE,11.12592589,FALSE
2016/2/18,7.29787706,TRUE,8.88416999,TRUE
2016/2/18,7.170154243,TRUE,8.179749243,TRUE
2016/2/22,7.585049132,TRUE,6.410681483,TRUE
2016/2/27,9.231228763,TRUE,5.95629728,TRUE
2016/3/3,5.275821432,TRUE,6.3276836,TRUE
